[
  {
    "kenteken": "123-AAB",
    "CO2": 5
  },
  {
    "kenteken": "456-AAB",
    "CO2": 10
  },
  {
    "kenteken": "789-AAB",
    "CO2": 10
  },
  {
    "kenteken": "123-XYZ",
    "CO2": 0
  },
  {
    "kenteken": "456-XYZ",
    "CO2": 5
  },
  {
    "kenteken": "789-XYZ",
    "CO2": 10
  },
  {
    "kenteken": "123-DEF",
    "CO2": 15
  },
  {
    "kenteken": "456-DEF",
    "CO2": 0
  },
  {
    "kenteken": "789-DEF",
    "CO2": 5
  },
  {
    "kenteken": "123-GHI",
    "CO2": 10
  },
  {
    "kenteken": "456-GHI",
    "CO2": 10
  },
  {
    "kenteken": "789-GHI",
    "CO2": 0
  }
]