[  {    "naam": "Trein/Metro/Tram",    "uitstoot": 0  },  {    "naam": "Fiets",    "uitstoot": 0  },  {    "naam": "OV Fiets",    "uitstoot": 10  },  {    "naam": "Scooter",    "uitstoot": 5  },  {    "naam": "Bus",    "uitstoot": 10  },  {    "naam": "Elektr Scooter (incl deel scooter)",    "uitstoot": 2  },  {    "naam": "Elektr Deelauto",    "uitstoot": 0  },  {    "naam": "Hybride eigen auto",    "uitstoot": 5  },  {    "naam": "Electr eigen auto",    "uitstoot": 0  },  {    "naam": "Diesel eigen auto",    "uitstoot": 10  },  {    "naam": "Benzine eigen auto",    "uitstoot": 15  },  {    "naam": "Lopen",    "uitstoot": 0  }]